{
  "project_info": {
    "project_number": "797665002549",
    "firebase_url": "https://sharethecar-d076e-default-rtdb.firebaseio.com",
    "project_id": "sharethecar-d076e",
    "storage_bucket": "sharethecar-d076e.appspot.com"
  },
  "client": [
    {
      "client_info": {
        "mobilesdk_app_id": "1:797665002549:android:680aa6d10b04755b7c5d7c",
        "android_client_info": {
          "package_name": "com.example.sharethecarv01"
        }
      },
      "oauth_client": [],
      "api_key": [
        {
          "current_key": "AIzaSyDV0iv2hc6SZqGDFhSR_qTxWYq27575rEA"
        }
      ],
      "services": {
        "appinvite_service": {
          "other_platform_oauth_client": []
        }
      }
    },
    {
      "client_info": {
        "mobilesdk_app_id": "1:797665002549:android:ac5462033531ed6c7c5d7c",
        "android_client_info": {
          "package_name": "com.example.sharethecarv04"
        }
      },
      "oauth_client": [],
      "api_key": [
        {
          "current_key": "AIzaSyDV0iv2hc6SZqGDFhSR_qTxWYq27575rEA"
        }
      ],
      "services": {
        "appinvite_service": {
          "other_platform_oauth_client": []
        }
      }
    },
    {
      "client_info": {
        "mobilesdk_app_id": "1:797665002549:android:22c4b6209410e87b7c5d7c",
        "android_client_info": {
          "package_name": "com.example.sharethecarv05"
        }
      },
      "oauth_client": [],
      "api_key": [
        {
          "current_key": "AIzaSyDV0iv2hc6SZqGDFhSR_qTxWYq27575rEA"
        }
      ],
      "services": {
        "appinvite_service": {
          "other_platform_oauth_client": []
        }
      }
    }
  ],

  "configuration_version": "1"
}